"","Mean","Median","Mode","ESS","HDImass","HDIlow","HDIhigh","CompVal","PcntGtCompVal","ROPElow","ROPEhigh","PcntLtROPE","PcntInROPE","PcntGtROPE"
"mu",107.82782707244,107.811466729288,107.089433112928,20097.3,0.95,101.437884968467,114.433468341364,100,98.95,99,101,0.41,1.625,97.965
"sigma",25.9588548582424,25.7791320399593,25.0124458176058,11475.4,0.95,21.4644910108347,30.6368276827641,15,100,14,16,0,0,100
"effSz",0.303906164483642,0.303473733261899,0.280792225196521,20000,0.95,0.0481049154537304,0.554016344009955,0,98.95,-0.1,0.1,0.07,5.65000000000001,94.28
